,age,ed,employ,address,income,debtinc,creddebt,othdebt,default
0,,3.0,17.0,12.0,176.0,9.3,11.359392,5.008608,
1,27.0,1.0,10.0,6.0,31.0,17.3,1.362202,4.000798,0.0
2,40.0,1.0,15.0,14.0,55.0,5.5,0.856075,2.168925,0.0
3,41.0,1.0,15.0,14.0,120.0,2.9,2.65872,0.82128,0.0
4,24.0,2.0,2.0,0.0,28.0,17.3,1.787436,3.056564,1.0
5,41.0,2.0,5.0,5.0,25.0,10.2,0.3927,2.1573,0.0
6,39.0,1.0,20.0,9.0,67.0,30.6,3.833874,16.668126,0.0
7,43.0,1.0,12.0,11.0,38.0,3.6,0.128592,1.239408,0.0
8,24.0,1.0,3.0,4.0,19.0,24.4,1.358348,3.277652,
9,36.0,1.0,0.0,13.0,25.0,19.7,2.7777,2.1473,
10,27.0,1.0,0.0,1.0,16.0,1.7,0.182512,0.089488,
11,25.0,1.0,4.0,0.0,23.0,5.2,0.252356,0.943644,
12,52.0,1.0,24.0,14.0,64.0,10.0,3.9296,2.4704,
13,37.0,1.0,6.0,9.0,29.0,16.3,1.715901,3.011099,
14,48.0,1.0,22.0,15.0,100.0,9.1,3.7037,5.3963,
15,36.0,2.0,9.0,6.0,49.0,8.6,0.817516,3.396484,
16,36.0,2.0,13.0,6.0,41.0,16.4,2.918216,3.805784,
17,43.0,1.0,23.0,19.0,72.0,7.6,1.181952,4.290048,
18,39.0,1.0,6.0,9.0,61.0,5.7,0.563274,2.913726,
19,41.0,3.0,0.0,21.0,,1.7,0.099008,0.342992,
20,39.0,1.0,22.0,3.0,52.0,3.2,1.154816,0.509184,
21,47.0,1.0,17.0,21.0,43.0,5.6,0.587552,1.820448,0.0
22,28.0,1.0,3.0,6.0,26.0,10.0,0.4316,2.1684,0.0
23,29.0,1.0,,6.0,27.0,9.8,0.402192,2.243808,0.0
24,21.0,2.0,,2.0,16.0,18.0,0.24192,2.63808,1.0
25,25.0,4.0,,2.0,32.0,17.6,2.14016,3.49184,0.0
26,45.0,2.0,,26.0,69.0,6.7,,3.915681,0.0
27,43.0,1.0,25.0,21.0,64.0,16.7,,9.736768,0.0
28,33.0,2.0,12.0,8.0,58.0,18.4,,7.587792,0.0
29,26.0,3.0,2.0,1.0,37.0,14.2,,5.049094,0.0
30,45.0,1.0,3.0,15.0,20.0,2.1,,0.315,0.0
31,30.0,1.0,1.0,10.0,22.0,10.5,,1.17117,0.0
32,27.0,3.0,2.0,7.0,26.0,6.0,,0.83772,0.0
33,25.0,1.0,8.0,4.0,27.0,14.4,1.018656,2.869344,0.0
34,25.0,1.0,8.0,1.0,35.0,2.9,,0.93786,0.0
35,26.0,2.0,6.0,7.0,45.0,26.0,6.0489,5.6511,0.0
36,30.0,2.0,10.0,4.0,22.0,16.1,,2.132284,0.0
37,32.0,2.0,12.0,1.0,54.0,14.4,3.195936,4.580064,
38,28.0,2.0,1.0,8.0,24.0,17.1,,2.766096,
39,,1.0,23.0,5.0,50.0,4.2,,1.5414,
40,,1.0,7.0,,31.0,6.6,0.33759,1.70841,
41,,1.0,17.0,,59.0,8.0,1.80776,2.91224,
42,,2.0,7.0,,41.0,4.6,0.941114,0.944886,
43,,1.0,19.0,,48.0,13.1,1.930416,4.357584,
44,26.0,1.0,0.0,,14.0,7.5,0.3024,0.7476,
45,21.0,2.0,0.0,1.0,16.0,6.8,0.150144,0.937856,
46,35.0,1.0,13.0,15.0,35.0,4.5,0.43155,1.14345,
47,47.0,1.0,4.0,2.0,26.0,10.4,0.12168,2.58232,
48,23.0,2.0,0.0,2.0,21.0,11.4,0.775656,1.618344,
49,35.0,1.0,18.0,2.0,42.0,7.4,0.205128,2.902872,0.0
50,34.0,1.0,2.0,11.0,25.0,12.6,0.5733,2.5767,
51,46.0,1.0,1.0,12.0,20.0,14.0,0.8092,1.9908,
52,46.0,1.0,16.0,18.0,52.0,12.9,3.032016,3.675984,
53,38.0,3.0,3.0,18.0,25.0,3.7,0.311725,0.613275,
54,40.0,2.0,3.0,2.0,28.0,9.5,0.55328,2.10672,
55,37.0,1.0,1.0,3.0,24.0,15.1,1.801128,1.822872,
56,35.0,1.0,9.0,1.0,34.0,5.0,0.3978,1.3022,
57,39.0,2.0,16.0,13.0,69.0,2.4,1.061496,0.594504,
58,40.0,3.0,18.0,6.0,100.0,2.5,1.485,1.015,
59,50.0,3.0,10.0,20.0,80.0,12.2,2.47904,7.28096,
60,31.0,1.0,9.0,10.0,28.0,2.4,0.047712,0.624288,
61,29.0,1.0,13.0,1.0,42.0,7.4,1.457652,1.650348,
62,37.0,1.0,4.0,0.0,23.0,12.4,0.86986,1.98214,
63,33.0,2.0,4.0,9.0,55.0,7.0,2.15985,1.69015,0.0
64,26.0,2.0,5.0,7.0,28.0,7.8,1.024296,1.159704,
65,32.0,2.0,11.0,6.0,75.0,23.3,7.7589,9.7161,
66,28.0,2.0,2.0,3.0,23.0,6.4,0.186944,1.285056,
67,39.0,1.0,19.0,8.0,46.0,9.1,2.515786,1.670214,0.0
68,28.0,2.0,8.0,3.0,31.0,8.2,1.492154,1.049846,
69,29.0,1.0,1.0,2.0,20.0,18.6,0.56916,3.15084,
70,34.0,2.0,3.0,8.0,21.0,23.1,1.401939,3.449061,
71,28.0,2.0,5.0,9.0,34.0,23.8,3.099236,4.992764,
72,47.0,1.0,26.0,21.0,100.0,12.8,4.5824,8.2176,
73,43.0,4.0,1.0,5.0,26.0,10.6,1.518556,1.237444,
74,41.0,1.0,13.0,10.0,44.0,1.7,0.07106,0.67694,
75,47.0,1.0,13.0,25.0,51.0,23.8,3.738504,8.399496,
76,24.0,1.0,2.0,1.0,21.0,0.6,0.025074,0.100926,
77,29.0,1.0,1.0,9.0,17.0,6.7,0.157182,0.981818,
78,33.0,1.0,14.0,2.0,37.0,2.6,0.199134,0.762866,
79,36.0,1.0,,10.0,39.0,3.2,0.6864,0.5616,
80,26.0,1.0,,3.0,27.0,10.5,2.47212,0.36288,
81,31.0,1.0,,12.0,45.0,17.0,2.7387,4.9113,
82,37.0,1.0,,3.0,32.0,19.6,2.69696,3.57504,
83,35.0,4.0,,16.0,29.0,11.0,1.84382,1.34618,
84,,1.0,4.0,3.0,20.0,5.4,0.3186,0.7614,
85,,1.0,10.0,15.0,45.0,18.8,2.01348,6.44652,
86,,2.0,5.0,4.0,,12.4,3.490848,,
87,,3.0,5.0,17.0,,24.6,1.405398,,
88,,1.0,12.0,12.0,,2.9,0.116116,0.695884,
89,23.0,2.0,0.0,1.0,,27.7,2.043706,,
90,32.0,1.0,3.0,10.0,23.0,6.2,0.052762,,
91,25.0,1.0,1.0,6.0,15.0,11.4,0.37107,,
92,38.0,1.0,5.0,5.0,54.0,10.6,1.499688,,
93,32.0,2.0,0.0,6.0,18.0,5.8,0.296496,,
94,41.0,3.0,2.0,0.0,15.0,26.3,1.960665,1.984335,
95,36.0,1.0,17.0,6.0,54.0,4.4,0.727056,1.648944,
96,42.0,3.0,13.0,0.0,82.0,3.3,1.315116,1.390884,
97,41.0,1.0,14.0,8.0,52.0,7.3,0.926224,2.869776,
98,29.0,2.0,4.0,9.0,19.0,6.3,0.681093,0.515907,
99,38.0,3.0,4.0,6.0,31.0,9.3,1.331946,1.551054,
100,39.0,1.0,22.0,9.0,113.0,2.6,0.987168,1.950832,
101,36.0,1.0,6.0,9.0,26.0,8.3,0.030212,2.127788,
102,33.0,1.0,8.0,7.0,27.0,5.8,0.776736,0.789264,
103,42.0,2.0,21.0,11.0,121.0,3.1,1.365364,2.385636,
104,41.0,2.0,22.0,17.0,75.0,23.6,9.8766,7.8234,
105,40.0,1.0,8.0,17.0,28.0,3.6,0.53424,0.47376,
106,53.0,1.0,9.0,18.0,50.0,11.2,2.016,3.584,
107,28.0,1.0,4.0,7.0,26.0,13.5,1.29519,2.21481,
108,36.0,2.0,12.0,13.0,60.0,7.9,1.72062,3.01938,
109,34.0,2.0,9.0,13.0,45.0,10.1,1.11807,3.42693,
110,45.0,3.0,2.0,5.0,39.0,4.9,0.45864,1.45236,0.0
111,38.0,1.0,6.0,0.0,41.0,8.9,0.266377,3.382623,
112,21.0,3.0,0.0,2.0,24.0,7.7,0.833448,1.014552,
113,42.0,1.0,12.0,11.0,51.0,21.4,2.411994,8.502006,0.0
114,52.0,1.0,16.0,25.0,64.0,8.6,1.865856,3.638144,
115,25.0,2.0,4.0,6.0,33.0,5.2,0.552552,1.163448,0.0
116,34.0,2.0,9.0,9.0,65.0,6.2,2.10769,1.92231,
117,40.0,2.0,15.0,16.0,73.0,3.4,1.032512,1.449488,
118,31.0,2.0,0.0,4.0,27.0,12.8,1.08864,2.36736,
119,25.0,1.0,1.0,0.0,20.0,6.7,0.47168,0.86832,1.0
120,45.0,1.0,12.0,19.0,37.0,9.5,1.34273,2.17227,0.0
121,23.0,1.0,3.0,0.0,19.0,8.4,0.2793,1.3167,
122,34.0,4.0,6.0,3.0,27.0,35.3,1.982448,7.548552,
123,31.0,1.0,2.0,4.0,22.0,12.7,1.092454,1.701546,
124,28.0,1.0,5.0,9.0,22.0,2.8,0.140448,0.475552,
125,41.0,1.0,7.0,11.0,43.0,4.4,0.694364,1.197636,
126,39.0,2.0,7.0,2.0,68.0,13.0,1.0166,7.8234,
127,29.0,2.0,9.0,3.0,36.0,1.4,0.127008,0.376992,0.0
128,21.0,1.0,5.0,1.0,25.0,9.0,0.36675,1.88325,
129,41.0,2.0,19.0,2.0,68.0,5.8,1.506608,2.437392,0.0
130,26.0,4.0,1.0,7.0,27.0,2.9,0.311634,0.471366,
131,33.0,1.0,5.0,10.0,18.0,12.9,0.984528,1.337472,
132,45.0,2.0,18.0,19.0,35.0,17.4,0.5481,5.5419,
133,39.0,1.0,17.0,20.0,60.0,13.7,2.44956,5.77044,0.0
134,24.0,1.0,7.0,2.0,21.0,6.3,0.519939,0.803061,
135,29.0,2.0,6.0,7.0,57.0,2.2,0.452694,0.801306,0.0
136,27.0,2.0,1.0,0.0,23.0,12.4,0.2852,2.5668,0.0
137,40.0,1.0,13.0,2.0,28.0,5.9,0.964768,0.687232,0.0
138,29.0,1.0,8.0,10.0,24.0,6.7,0.469536,1.138464,0.0
139,29.0,2.0,4.0,3.0,37.0,6.6,1.15995,1.28205,
140,24.0,1.0,0.0,2.0,16.0,16.0,1.00864,1.55136,1.0
141,27.0,1.0,9.0,6.0,45.0,17.8,2.85156,5.15844,1.0
142,41.0,3.0,16.0,22.0,135.0,4.4,1.2771,4.6629,
143,31.0,1.0,11.0,8.0,25.0,9.1,0.14105,2.13395,0.0
144,41.0,1.0,16.0,17.0,68.0,5.4,0.447984,3.224016,0.0
145,42.0,2.0,5.0,3.0,41.0,3.4,0.35547,1.03853,
146,28.0,4.0,1.0,3.0,26.0,12.4,0.377208,2.846792,
147,30.0,4.0,2.0,8.0,25.0,10.0,1.77,0.73,
148,30.0,1.0,11.0,1.0,33.0,8.4,0.681912,2.090088,0.0
149,31.0,1.0,8.0,4.0,44.0,8.0,1.72128,1.79872,0.0
150,45.0,2.0,15.0,14.0,51.0,18.1,1.550808,7.680192,0.0
151,43.0,1.0,13.0,23.0,76.0,6.1,2.151104,2.484896,1.0
152,36.0,1.0,4.0,10.0,23.0,16.3,1.327146,2.421854,
153,28.0,1.0,8.0,6.0,30.0,7.2,0.61344,1.54656,0.0
154,27.0,2.0,3.0,5.0,33.0,13.2,1.6335,2.7225,
155,36.0,3.0,13.0,3.0,39.0,19.2,2.800512,4.687488,
156,33.0,1.0,12.0,11.0,32.0,11.3,2.104512,1.511488,
157,54.0,1.0,9.0,2.0,28.0,14.8,1.558144,2.585856,
158,33.0,1.0,9.0,4.0,29.0,13.8,1.348674,2.653326,
159,31.0,1.0,9.0,5.0,26.0,4.5,0.31005,0.85995,
160,21.0,1.0,4.0,0.0,26.0,8.9,1.420796,0.893204,
161,28.0,3.0,5.0,9.0,44.0,8.7,0.773256,3.054744,0.0
162,31.0,2.0,2.0,1.0,26.0,6.8,0.28288,1.48512,
163,32.0,1.0,8.0,6.0,26.0,4.1,0.326196,0.739804,0.0
164,35.0,2.0,1.0,8.0,24.0,12.5,0.591,2.409,
165,40.0,2.0,13.0,11.0,102.0,18.9,6.226794,13.051206,
166,22.0,1.0,4.0,2.0,24.0,15.6,1.636128,2.107872,
167,39.0,1.0,4.0,9.0,38.0,6.5,1.17819,1.29181,
168,41.0,4.0,14.0,3.0,44.0,1.7,0.353056,0.394944,
169,34.0,1.0,16.0,9.0,79.0,4.0,1.73484,1.42516,
170,29.0,1.0,7.0,9.0,22.0,9.7,0.550572,1.583428,
171,31.0,1.0,4.0,10.0,28.0,11.3,0.291088,2.872912,
172,32.0,1.0,1.0,0.0,20.0,4.8,0.31488,0.64512,
173,32.0,1.0,14.0,7.0,73.0,8.8,3.751616,2.672384,
174,33.0,1.0,6.0,14.0,21.0,7.5,0.567,1.008,
175,26.0,1.0,6.0,0.0,22.0,10.3,0.720588,1.545412,
176,21.0,1.0,1.0,1.0,18.0,17.3,0.158814,2.955186,
177,28.0,2.0,7.0,2.0,34.0,7.0,0.35938,2.02062,
178,37.0,1.0,13.0,5.0,24.0,8.9,0.602352,1.533648,
179,33.0,2.0,2.0,14.0,35.0,22.9,2.123975,5.891025,
180,39.0,1.0,12.0,10.0,46.0,5.0,0.5612,1.7388,
181,40.0,2.0,8.0,19.0,57.0,5.6,0.8778,2.3142,
182,45.0,3.0,16.0,21.0,80.0,3.0,0.912,1.488,0.0
183,27.0,1.0,10.0,6.0,34.0,6.5,0.85085,1.35915,
184,28.0,4.0,0.0,7.0,29.0,24.2,1.424654,5.593346,
185,39.0,1.0,13.0,9.0,27.0,8.0,0.96552,1.19448,
186,40.0,1.0,14.0,21.0,43.0,15.0,2.79285,3.65715,
187,27.0,1.0,11.0,8.0,56.0,16.9,4.63736,4.82664,
188,36.0,1.0,1.0,4.0,16.0,9.3,0.433008,1.054992,
189,55.0,1.0,19.0,2.0,78.0,15.6,4.404816,7.763184,
190,27.0,2.0,4.0,3.0,22.0,13.2,1.086096,1.817904,
191,30.0,1.0,1.0,8.0,17.0,11.0,0.74613,1.12387,
192,36.0,1.0,10.0,0.0,28.0,11.2,0.81536,2.32064,
193,31.0,1.0,1.0,6.0,21.0,2.5,0.2772,0.2478,
194,33.0,2.0,13.0,2.0,40.0,7.2,0.18144,2.69856,
195,30.0,1.0,4.0,0.0,33.0,4.2,0.500346,0.885654,
196,24.0,1.0,1.0,0.0,18.0,5.9,0.23895,0.82305,
197,33.0,4.0,9.0,10.0,28.0,4.3,0.376852,0.827148,
198,50.0,1.0,8.0,27.0,47.0,6.9,0.398889,2.844111,
199,31.0,2.0,6.0,6.0,32.0,23.1,3.341184,4.050816,
200,28.0,1.0,3.0,7.0,19.0,4.1,0.260965,0.518035,
201,44.0,3.0,8.0,10.0,88.0,6.1,0.284504,5.083496,1.0
202,48.0,4.0,3.0,23.0,45.0,9.8,0.97461,3.43539,
203,36.0,2.0,0.0,17.0,30.0,9.7,0.32883,2.58117,
204,29.0,3.0,7.0,1.0,63.0,5.5,0.571725,2.893275,
205,40.0,3.0,17.0,11.0,116.0,6.0,2.56128,4.39872,
206,33.0,1.0,7.0,6.0,26.0,6.0,0.54288,1.01712,0.0
207,26.0,2.0,6.0,6.0,30.0,1.0,0.1437,0.1563,0.0
208,36.0,1.0,14.0,11.0,81.0,7.2,1.784592,4.047408,0.0
209,26.0,2.0,6.0,0.0,35.0,1.9,0.085785,0.579215,
210,40.0,3.0,16.0,6.0,116.0,12.1,1.61414,12.42186,
211,44.0,1.0,5.0,3.0,48.0,9.0,1.96992,2.35008,1.0
212,29.0,3.0,1.0,10.0,30.0,4.5,0.27945,1.07055,
213,35.0,3.0,5.0,3.0,37.0,5.4,0.581418,1.416582,1.0
214,34.0,1.0,16.0,3.0,75.0,10.4,3.9546,3.8454,
215,34.0,3.0,12.0,8.0,47.0,6.7,1.300537,1.848463,
216,46.0,1.0,14.0,25.0,35.0,10.2,1.34946,2.22054,0.0
217,41.0,2.0,21.0,22.0,145.0,12.2,3.23727,14.45273,0.0
218,27.0,2.0,7.0,8.0,30.0,4.0,0.4476,0.7524,1.0
219,27.0,4.0,0.0,6.0,70.0,8.0,1.6184,3.9816,1.0
220,28.0,1.0,11.0,6.0,24.0,2.4,0.107136,0.468864,0.0
221,48.0,3.0,0.0,27.0,19.0,10.8,0.849528,1.202472,
222,48.0,3.0,17.0,26.0,113.0,12.0,3.37644,10.18356,0.0
223,29.0,3.0,5.0,6.0,70.0,19.9,3.17604,10.75396,
224,43.0,2.0,9.0,5.0,60.0,20.4,4.0392,8.2008,
225,23.0,1.0,5.0,2.0,17.0,7.9,0.302175,1.040825,0.0
226,29.0,2.0,10.0,8.0,44.0,18.1,3.70326,4.26074,0.0
227,40.0,4.0,5.0,6.0,75.0,1.9,0.884925,0.540075,0.0
228,22.0,2.0,0.0,3.0,20.0,5.6,0.2072,0.9128,0.0
229,23.0,1.0,7.0,3.0,22.0,14.4,0.849024,2.318976,
230,46.0,3.0,9.0,10.0,60.0,15.3,1.6065,7.5735,
231,55.0,1.0,3.0,11.0,40.0,8.0,0.5632,2.6368,1.0
232,38.0,2.0,8.0,16.0,38.0,0.6,0.029412,0.198588,0.0
233,35.0,2.0,5.0,1.0,33.0,2.8,0.103488,0.820512,0.0
234,30.0,1.0,11.0,9.0,27.0,0.9,0.073872,0.169128,
235,24.0,1.0,7.0,0.0,18.0,6.5,0.5265,0.6435,0.0
236,26.0,2.0,4.0,3.0,28.0,9.5,0.2261,2.4339,0.0
237,32.0,2.0,2.0,11.0,15.0,9.1,0.118755,1.246245,
238,37.0,2.0,11.0,4.0,75.0,3.5,0.632625,1.992375,0.0
239,39.0,1.0,6.0,19.0,42.0,19.9,2.540832,5.817168,1.0
240,30.0,2.0,4.0,4.0,21.0,18.3,0.491904,3.351096,0.0
241,30.0,1.0,10.0,11.0,39.0,9.5,2.056275,1.648725,
242,32.0,2.0,7.0,10.0,32.0,4.3,0.43344,0.94256,
243,54.0,3.0,21.0,20.0,118.0,14.4,9.60048,7.39152,
244,27.0,3.0,3.0,4.0,35.0,13.3,1.60132,3.05368,
245,31.0,1.0,12.0,4.0,31.0,23.7,2.05716,5.28984,
246,39.0,1.0,15.0,16.0,39.0,1.8,0.139698,0.562302,0.0
247,31.0,1.0,5.0,3.0,25.0,14.1,1.17735,2.34765,
248,35.0,1.0,15.0,11.0,40.0,18.5,1.2136,6.1864,
249,35.0,2.0,10.0,16.0,98.0,13.3,4.874716,8.159284,
250,46.0,2.0,22.0,17.0,144.0,11.1,3.324672,12.659328,0.0
251,33.0,1.0,13.0,3.0,52.0,21.3,2.71362,8.36238,
252,35.0,2.0,13.0,3.0,105.0,1.9,1.418445,0.576555,
253,35.0,2.0,1.0,1.0,21.0,7.9,0.369957,1.289043,
254,38.0,1.0,5.0,13.0,21.0,9.0,0.44982,1.44018,
255,41.0,1.0,19.0,1.0,96.0,7.8,2.253888,5.234112,
256,38.0,1.0,18.0,19.0,44.0,4.5,0.60588,1.37412,
257,34.0,3.0,2.0,14.0,39.0,13.2,1.142856,4.005144,
258,51.0,3.0,16.0,25.0,82.0,4.4,2.604976,1.003024,
259,34.0,2.0,10.0,2.0,33.0,9.5,0.573705,2.561295,
260,47.0,1.0,15.0,1.0,30.0,24.5,2.21235,5.13765,0.0
261,34.0,2.0,8.0,6.0,78.0,5.4,2.156544,2.055456,
262,27.0,2.0,8.0,7.0,18.0,11.9,0.400554,1.741446,
263,52.0,1.0,9.0,11.0,24.0,19.2,0.801792,3.806208,1.0
264,39.0,1.0,9.0,6.0,35.0,5.0,0.23275,1.51725,
265,33.0,1.0,7.0,0.0,22.0,6.4,0.630784,0.777216,
266,34.0,1.0,0.0,1.0,21.0,7.2,0.187488,1.324512,
267,31.0,3.0,9.0,7.0,59.0,14.6,3.109654,5.504346,1.0
268,28.0,1.0,2.0,9.0,16.0,15.2,0.870656,1.561344,0.0
269,39.0,1.0,19.0,16.0,45.0,3.7,0.91575,0.74925,
270,51.0,2.0,22.0,23.0,120.0,7.6,4.14048,4.97952,0.0
271,22.0,1.0,4.0,1.0,16.0,1.2,,0.10752,
272,27.0,3.0,6.0,4.0,26.0,10.4,,1.773824,
273,32.0,,16.0,10.0,38.0,21.0,,7.28574,
274,28.0,,6.0,7.0,38.0,7.2,,1.961712,
275,27.0,,1.0,0.0,20.0,10.3,,1.68302,
276,26.0,,2.0,6.0,24.0,13.6,,1.687488,
277,32.0,,14.0,0.0,36.0,2.4,,0.590976,
278,30.0,,0.0,11.0,17.0,3.7,,0.18241,
279,39.0,,13.0,1.0,38.0,8.9,,1.484698,
280,31.0,,11.0,6.0,28.0,4.8,0.345408,0.998592,
281,34.0,1.0,15.0,2.0,39.0,24.7,4.373382,5.259618,
282,31.0,1.0,8.0,3.0,41.0,12.6,0.134316,5.031684,
283,29.0,2.0,1.0,7.0,25.0,10.4,0.5694,2.0306,
284,29.0,1.0,9.0,0.0,25.0,13.9,1.0703,2.4047,
285,35.0,2.0,9.0,16.0,30.0,7.6,0.6498,1.6302,
286,29.0,1.0,11.0,7.0,32.0,6.0,0.92736,0.99264,
287,38.0,2.0,2.0,16.0,22.0,22.7,1.208548,3.785452,
288,35.0,1.0,16.0,15.0,36.0,3.4,0.178704,1.045296,
289,29.0,1.0,11.0,5.0,36.0,6.1,0.709308,1.486692,0.0
290,23.0,2.0,3.0,4.0,34.0,4.4,0.2618,1.2342,
291,33.0,4.0,9.0,8.0,32.0,5.5,0.49632,1.26368,
292,51.0,2.0,19.0,25.0,159.0,2.8,1.06848,3.38352,0.0
293,24.0,1.0,4.0,2.0,21.0,2.6,0.099372,0.446628,
294,31.0,1.0,10.0,12.0,49.0,9.8,3.236548,1.565452,1.0
295,45.0,1.0,10.0,14.0,52.0,5.4,0.932256,1.875744,
296,29.0,1.0,3.0,1.0,17.0,9.0,0.46971,1.06029,
297,34.0,1.0,0.0,10.0,20.0,17.1,2.04858,1.37142,
298,25.0,2.0,4.0,5.0,27.0,5.0,0.54945,0.80055,
299,37.0,1.0,20.0,2.0,56.0,1.9,0.54264,0.52136,
300,47.0,1.0,29.0,18.0,129.0,25.3,20.56131,12.07569,
301,43.0,2.0,6.0,24.0,54.0,9.6,0.62208,4.56192,
302,47.0,1.0,22.0,19.0,81.0,5.5,1.50579,2.94921,
303,24.0,1.0,6.0,2.0,21.0,5.2,0.108108,0.983892,
304,27.0,3.0,5.0,1.0,75.0,6.3,2.206575,2.518425,
305,25.0,1.0,9.0,4.0,18.0,1.2,0.06588,0.15012,
306,36.0,3.0,11.0,12.0,44.0,14.7,0.446292,6.021708,
307,39.0,1.0,16.0,20.0,57.0,19.4,1.559178,9.498822,
308,26.0,1.0,10.0,1.0,25.0,7.1,1.3064,0.4686,0.0
309,41.0,1.0,4.0,19.0,25.0,10.1,1.0605,1.4645,
310,39.0,1.0,19.0,15.0,60.0,27.1,9.5934,6.6666,
311,37.0,1.0,18.0,8.0,54.0,12.1,4.593402,1.940598,
312,29.0,1.0,2.0,0.0,14.0,14.4,0.586656,1.429344,
313,42.0,1.0,6.0,9.0,31.0,11.6,1.02486,2.57114,
314,31.0,4.0,1.0,6.0,29.0,11.1,1.065489,2.153511,
315,36.0,1.0,4.0,15.0,17.0,17.3,0.520557,2.420443,
316,39.0,1.0,16.0,4.0,52.0,20.0,4.16,6.24,
317,23.0,4.0,0.0,2.0,23.0,6.7,0.468464,1.072536,
318,39.0,1.0,4.0,15.0,33.0,7.0,0.39732,1.91268,
319,27.0,3.0,4.0,1.0,40.0,3.1,0.28396,0.95604,
320,24.0,1.0,8.0,4.0,24.0,5.0,0.3816,0.8184,
321,27.0,3.0,3.0,4.0,45.0,11.0,0.29205,4.65795,
322,41.0,1.0,16.0,22.0,49.0,1.6,0.4312,0.3528,
323,38.0,1.0,0.0,8.0,23.0,8.1,0.897966,0.965034,1.0
324,40.0,2.0,5.0,12.0,35.0,16.4,1.58424,4.15576,
325,54.0,1.0,25.0,12.0,120.0,26.5,14.5962,17.2038,
326,40.0,1.0,12.0,6.0,89.0,17.4,2.771994,12.714006,
327,40.0,1.0,2.0,4.0,32.0,3.7,0.853664,0.330336,
328,29.0,1.0,1.0,8.0,31.0,8.0,0.15624,2.32376,
329,30.0,1.0,8.0,6.0,23.0,12.0,0.76176,1.99824,
330,29.0,1.0,1.0,1.0,18.0,1.1,0.029898,0.168102,
331,29.0,3.0,3.0,3.0,50.0,2.4,0.2592,0.9408,
332,28.0,4.0,2.0,4.0,41.0,2.5,0.4592,0.5658,
333,28.0,4.0,0.0,5.0,38.0,10.4,0.636272,3.315728,
334,39.0,2.0,16.0,9.0,89.0,14.3,5.001711,7.725289,
335,32.0,1.0,11.0,2.0,53.0,3.3,0.089199,1.659801,
336,36.0,2.0,7.0,16.0,43.0,15.4,2.6488,3.9732,
337,39.0,1.0,20.0,12.0,39.0,8.2,0.773916,2.424084,
338,28.0,3.0,6.0,8.0,47.0,19.8,5.574294,3.731706,
339,28.0,1.0,4.0,2.0,28.0,14.2,0.43736,3.53864,
340,46.0,1.0,6.0,19.0,31.0,12.2,1.98555,1.79645,
341,30.0,2.0,4.0,8.0,15.0,6.5,0.350025,0.624975,
342,39.0,2.0,15.0,19.0,32.0,4.9,0.421792,1.146208,
343,40.0,3.0,5.0,3.0,220.0,16.0,8.1664,27.0336,
344,44.0,2.0,18.0,4.0,74.0,13.4,4.521696,5.394304,
345,30.0,1.0,0.0,8.0,19.0,16.6,0.624492,2.529508,1.0
346,24.0,2.0,3.0,0.0,19.0,4.3,0.358663,0.458337,0.0
347,32.0,1.0,10.0,13.0,32.0,11.3,1.167968,2.448032,0.0
348,29.0,2.0,3.0,8.0,15.0,2.6,0.14664,0.24336,
349,40.0,2.0,2.0,1.0,36.0,3.8,0.277704,1.090296,
350,41.0,2.0,8.0,21.0,43.0,0.7,0.085785,0.215215,
351,22.0,1.0,1.0,3.0,17.0,18.6,0.80631,2.35569,
352,38.0,1.0,10.0,8.0,34.0,1.2,0.036312,0.371688,
353,37.0,2.0,6.0,13.0,62.0,8.5,1.18575,4.08425,
354,41.0,3.0,18.0,6.0,71.0,15.7,6.565583,4.581417,
355,41.0,3.0,7.0,6.0,56.0,14.5,0.37352,7.74648,
356,39.0,1.0,2.0,15.0,22.0,23.1,1.915914,3.166086,
357,24.0,2.0,0.0,2.0,15.0,16.1,0.321195,2.093805,
358,32.0,3.0,9.0,10.0,51.0,23.0,2.68617,9.04383,
359,21.0,3.0,0.0,1.0,26.0,7.7,1.529528,0.472472,
360,29.0,1.0,13.0,7.0,27.0,2.3,0.068931,0.552069,
361,35.0,2.0,14.0,3.0,82.0,0.8,0.468384,0.187616,
362,29.0,1.0,6.0,7.0,21.0,18.1,1.109892,2.691108,
363,41.0,2.0,2.0,22.0,30.0,6.7,0.11256,1.89744,
364,37.0,1.0,0.0,18.0,18.0,12.9,1.583604,0.738396,
365,32.0,2.0,3.0,13.0,47.0,1.9,0.42864,0.46436,
366,36.0,5.0,5.0,12.0,20.0,8.1,0.729,0.891,
367,39.0,2.0,18.0,9.0,44.0,2.1,0.367752,0.556248,
368,36.0,1.0,18.0,9.0,67.0,11.2,5.245296,2.258704,
369,46.0,3.0,22.0,4.0,99.0,2.3,0.826551,1.450449,
370,34.0,1.0,13.0,11.0,51.0,9.6,1.875168,3.020832,
371,27.0,1.0,7.0,4.0,26.0,9.1,0.641186,1.724814,
372,43.0,1.0,8.0,11.0,45.0,3.3,0.67716,0.80784,
373,33.0,1.0,14.0,8.0,72.0,41.3,15.01668,14.71932,
374,39.0,2.0,20.0,17.0,101.0,1.4,0.340774,1.073226,
375,29.0,1.0,1.0,4.0,17.0,2.5,0.13175,0.29325,
376,34.0,4.0,7.0,15.0,40.0,6.4,0.94976,1.61024,
377,26.0,1.0,1.0,0.0,21.0,4.9,0.608139,0.420861,0.0
378,31.0,1.0,15.0,2.0,60.0,4.8,0.80352,2.07648,
379,26.0,1.0,10.0,6.0,24.0,2.7,0.31104,0.33696,0.0
380,28.0,1.0,12.0,7.0,45.0,7.7,1.853775,1.611225,0.0
381,48.0,1.0,13.0,20.0,50.0,30.8,6.1138,9.2862,
382,39.0,2.0,2.0,12.0,46.0,16.0,4.00384,3.35616,1.0
383,37.0,1.0,3.0,3.0,25.0,3.7,0.27565,0.64935,
384,52.0,5.0,9.0,0.0,70.0,9.4,1.32916,5.25084,1.0
385,48.0,1.0,3.0,11.0,27.0,21.3,1.403244,4.347756,
386,26.0,1.0,7.0,3.0,22.0,5.1,0.208692,0.913308,
387,46.0,5.0,15.0,0.0,126.0,3.1,0.476532,3.429468,
388,31.0,1.0,7.0,10.0,23.0,4.9,0.2254,0.9016,
389,34.0,1.0,13.0,8.0,56.0,6.1,0.864248,2.551752,
390,40.0,1.0,22.0,4.0,95.0,3.6,0.6327,2.7873,
391,24.0,3.0,2.0,5.0,16.0,6.4,0.270336,0.753664,1.0
392,33.0,1.0,2.0,14.0,44.0,3.1,0.52514,0.83886,
393,53.0,4.0,5.0,29.0,78.0,17.3,6.935916,6.558084,
394,47.0,3.0,9.0,1.0,52.0,20.1,2.539836,7.912164,
395,35.0,1.0,5.0,5.0,32.0,13.0,0.17472,3.98528,
396,34.0,1.0,14.0,8.0,28.0,17.0,1.13764,3.62236,
397,49.0,1.0,11.0,5.0,39.0,10.1,2.457936,1.481064,
398,26.0,2.0,0.0,7.0,28.0,9.3,1.270752,1.333248,
399,23.0,1.0,2.0,2.0,16.0,9.6,0.804864,0.731136,
400,23.0,2.0,0.0,4.0,21.0,8.7,0.454923,1.372077,
401,38.0,2.0,4.0,13.0,56.0,1.6,0.441728,0.454272,
402,28.0,2.0,5.0,2.0,37.0,8.3,1.123986,1.947014,0.0
403,30.0,3.0,0.0,8.0,65.0,29.7,3.89961,15.40539,
404,34.0,1.0,18.0,10.0,34.0,15.4,2.099636,3.136364,0.0
405,50.0,2.0,16.0,14.0,71.0,11.1,1.662891,6.218109,
406,29.0,1.0,12.0,2.0,40.0,6.7,1.63212,1.04788,
407,42.0,3.0,0.0,9.0,64.0,6.6,0.278784,3.945216,
408,31.0,1.0,13.0,12.0,27.0,5.0,0.2376,1.1124,0.0
409,39.0,1.0,10.0,4.0,31.0,4.8,0.184512,1.303488,
410,45.0,2.0,21.0,26.0,132.0,3.0,2.55816,1.40184,
411,45.0,1.0,22.0,24.0,91.0,11.7,1.256346,9.390654,
412,36.0,1.0,14.0,17.0,53.0,5.7,1.888125,1.132875,
413,25.0,4.0,0.0,6.0,24.0,12.1,1.5972,1.3068,
414,29.0,2.0,1.0,7.0,29.0,21.2,2.330092,3.817908,
415,30.0,2.0,8.0,4.0,56.0,6.4,0.333312,3.250688,
416,31.0,1.0,1.0,1.0,24.0,4.5,0.21708,0.86292,
417,43.0,1.0,4.0,2.0,29.0,4.6,0.05336,1.28064,
418,32.0,2.0,11.0,4.0,57.0,23.8,5.439966,8.126034,
419,47.0,1.0,19.0,7.0,50.0,30.1,3.17555,11.87445,
420,46.0,1.0,1.0,15.0,21.0,14.8,1.376844,1.731156,
421,43.0,2.0,16.0,10.0,83.0,4.1,0.258628,3.144372,
422,48.0,1.0,3.0,7.0,24.0,7.0,0.7644,0.9156,
423,30.0,3.0,8.0,7.0,61.0,2.8,0.549976,,
424,23.0,4.0,0.0,4.0,32.0,18.4,0.818432,,
425,36.0,4.0,8.0,0.0,32.0,1.6,0.024576,,
426,20.0,3.0,0.0,1.0,17.0,2.3,0.043792,,
427,43.0,1.0,16.0,7.0,89.0,0.4,0.159488,,
428,23.0,1.0,2.0,1.0,25.0,4.5,0.12375,,
429,41.0,1.0,21.0,2.0,76.0,20.5,6.94868,,
430,34.0,1.0,12.0,5.0,68.0,25.1,7.817144,,
431,50.0,1.0,11.0,5.0,36.0,4.8,0.834624,,
432,40.0,1.0,9.0,4.0,64.0,6.6,0.789888,,
433,29.0,2.0,0.0,8.0,22.0,12.9,1.038708,1.799292,
434,39.0,2.0,9.0,16.0,56.0,18.7,4.76476,5.70724,
435,24.0,2.0,1.0,2.0,42.0,5.7,0.8379,1.5561,
436,27.0,1.0,0.0,5.0,16.0,1.1,0.130416,0.045584,
437,40.0,3.0,18.0,14.0,157.0,6.6,3.326202,7.035798,
438,32.0,2.0,8.0,2.0,45.0,3.7,0.98235,0.68265,
439,39.0,2.0,16.0,12.0,53.0,3.7,0.694194,1.266806,
440,40.0,1.0,22.0,1.0,100.0,14.6,5.402,9.198,
441,32.0,1.0,10.0,11.0,42.0,9.1,1.540266,2.281734,
442,39.0,1.0,23.0,1.0,75.0,18.9,3.132675,11.042325,
443,24.0,1.0,3.0,3.0,21.0,28.9,2.682498,3.386502,
444,43.0,4.0,18.0,14.0,446.0,6.5,16.03147,12.95853,
445,56.0,1.0,11.0,20.0,59.0,15.0,4.6728,4.1772,
446,32.0,3.0,5.0,9.0,23.0,4.5,0.326025,0.708975,
447,42.0,1.0,7.0,12.0,25.0,10.2,1.62945,0.92055,
448,46.0,3.0,3.0,13.0,43.0,13.2,3.042336,2.633664,
449,31.0,1.0,2.0,2.0,22.0,16.4,1.739056,1.868944,
450,43.0,1.0,25.0,16.0,242.0,2.6,1.63592,4.65608,
451,28.0,2.0,6.0,9.0,22.0,11.5,0.65021,1.87979,
452,39.0,3.0,11.0,17.0,39.0,12.9,2.560779,2.470221,
453,39.0,1.0,0.0,8.0,39.0,7.9,1.066026,2.014974,
454,37.0,4.0,1.0,14.0,33.0,16.1,2.693691,2.619309,
455,30.0,1.0,0.0,11.0,17.0,12.0,0.30396,1.73604,
456,37.0,5.0,9.0,16.0,177.0,5.9,0.887655,9.555345,
457,22.0,1.0,4.0,3.0,14.0,17.5,0.2254,2.2246,0.0
458,50.0,1.0,1.0,26.0,26.0,14.3,1.851564,1.866436,0.0
459,30.0,1.0,10.0,2.0,19.0,4.4,0.336072,0.499928,0.0
460,39.0,1.0,8.0,0.0,21.0,4.0,0.27636,0.56364,0.0
461,21.0,2.0,0.0,2.0,21.0,12.5,0.48825,2.13675,1.0
462,31.0,3.0,9.0,2.0,28.0,2.6,0.121576,0.606424,0.0
463,31.0,2.0,9.0,1.0,30.0,5.8,0.60204,1.13796,0.0
464,48.0,1.0,0.0,23.0,30.0,22.3,2.66262,4.02738,0.0
465,28.0,1.0,4.0,1.0,16.0,23.8,1.08528,2.72272,0.0
466,47.0,3.0,16.0,26.0,221.0,17.6,15.791776,23.104224,1.0
467,27.0,2.0,6.0,1.0,34.0,4.4,0.237864,1.258136,0.0
468,29.0,2.0,6.0,10.0,65.0,18.4,1.98536,9.97464,0.0
469,21.0,2.0,2.0,0.0,20.0,4.5,0.2907,0.6093,1.0
470,29.0,1.0,7.0,5.0,20.0,19.8,1.00584,2.95416,1.0
471,24.0,4.0,0.0,3.0,29.0,6.6,0.589512,1.324488,1.0
472,44.0,1.0,12.0,3.0,31.0,9.7,0.357833,2.649167,0.0
473,22.0,1.0,1.0,0.0,18.0,4.4,0.270072,0.521928,0.0
474,38.0,2.0,13.0,0.0,59.0,2.4,0.407808,1.008192,0.0
475,52.0,2.0,12.0,16.0,76.0,7.7,0.99484,4.85716,0.0
476,25.0,1.0,3.0,2.0,18.0,16.3,0.35208,2.58192,1.0
477,25.0,1.0,5.0,5.0,22.0,10.9,0.402864,1.995136,0.0
478,51.0,2.0,27.0,21.0,166.0,11.5,0.82087,18.26913,0.0
479,38.0,1.0,21.0,16.0,58.0,16.5,4.58403,4.98597,0.0
480,44.0,1.0,9.0,20.0,33.0,5.2,0.545688,1.170312,0.0
481,24.0,2.0,2.0,3.0,26.0,9.7,0.887744,1.634256,1.0
482,34.0,1.0,5.0,3.0,33.0,7.3,0.778107,1.630893,0.0
483,25.0,2.0,6.0,2.0,26.0,4.5,0.0702,1.0998,0.0
484,45.0,3.0,5.0,17.0,94.0,10.5,3.61242,6.25758,1.0
485,34.0,2.0,4.0,10.0,25.0,5.8,0.56985,0.88015,0.0
486,27.0,4.0,2.0,8.0,23.0,5.7,0.319884,0.991116,1.0
487,33.0,2.0,10.0,13.0,57.0,20.9,6.111369,5.801631,1.0
488,35.0,2.0,0.0,16.0,22.0,15.0,1.9701,1.3299,1.0
489,50.0,2.0,15.0,31.0,60.0,1.1,0.46794,0.19206,0.0
490,33.0,1.0,13.0,13.0,42.0,3.6,0.228312,1.283688,0.0
491,41.0,3.0,13.0,13.0,91.0,25.2,2.316132,20.615868,1.0
492,28.0,1.0,0.0,2.0,28.0,33.3,2.28438,7.03962,1.0
493,38.0,3.0,12.0,14.0,63.0,16.0,5.71536,4.36464,1.0
494,25.0,1.0,3.0,2.0,16.0,17.8,1.01104,1.83696,1.0
495,47.0,2.0,4.0,9.0,33.0,7.1,1.19493,1.14807,1.0
496,30.0,2.0,12.0,9.0,98.0,7.2,2.935296,4.120704,0.0
497,44.0,2.0,12.0,5.0,86.0,13.0,1.47576,9.70424,0.0
498,25.0,1.0,0.0,2.0,18.0,18.9,0.513702,2.888298,1.0
499,41.0,2.0,6.0,0.0,36.0,19.5,4.51386,2.50614,1.0
500,22.0,3.0,0.0,1.0,18.0,7.7,0.47817,0.90783,0.0
501,35.0,2.0,3.0,11.0,40.0,17.2,1.80256,5.07744,1.0
502,42.0,5.0,6.0,23.0,190.0,7.8,3.15666,11.66334,0.0
503,38.0,1.0,3.0,19.0,23.0,14.7,0.831726,2.549274,0.0
504,23.0,2.0,1.0,3.0,18.0,18.7,0.885258,2.480742,1.0
505,28.0,3.0,2.0,5.0,30.0,19.9,1.52235,4.44765,0.0
506,52.0,1.0,19.0,25.0,89.0,4.7,0.397385,3.785615,0.0
507,25.0,1.0,9.0,2.0,20.0,3.5,0.105,0.595,0.0
508,28.0,2.0,1.0,4.0,16.0,14.7,0.573888,1.778112,0.0
509,43.0,1.0,19.0,11.0,79.0,7.5,0.7821,5.1429,0.0
510,24.0,2.0,3.0,1.0,24.0,19.1,2.172816,2.411184,0.0
511,34.0,3.0,13.0,7.0,52.0,9.2,1.497392,3.286608,0.0
512,29.0,2.0,6.0,9.0,25.0,4.2,0.58485,0.46515,0.0
513,31.0,1.0,6.0,9.0,21.0,8.3,0.728574,1.014426,0.0
514,42.0,2.0,14.0,1.0,48.0,8.6,1.201248,2.926752,1.0
515,49.0,2.0,11.0,1.0,51.0,15.0,0.54315,7.10685,0.0
516,39.0,1.0,22.0,9.0,73.0,14.3,3.726723,6.712277,0.0
517,45.0,3.0,0.0,19.0,22.0,4.2,0.030492,0.893508,0.0
518,41.0,1.0,7.0,22.0,32.0,2.9,0.072384,0.855616,0.0
519,29.0,2.0,9.0,0.0,46.0,1.6,0.241408,0.494592,0.0
520,35.0,3.0,7.0,5.0,38.0,15.1,1.382858,4.355142,0.0
521,27.0,2.0,5.0,6.0,25.0,6.8,0.7055,0.9945,0.0
522,28.0,1.0,4.0,7.0,19.0,4.1,0.286672,0.492328,0.0
523,48.0,1.0,17.0,22.0,66.0,3.2,1.46784,0.64416,0.0
524,24.0,1.0,2.0,5.0,18.0,6.0,0.52812,0.55188,0.0
525,31.0,1.0,6.0,12.0,33.0,4.2,0.14553,1.24047,0.0
526,43.0,1.0,10.0,9.0,69.0,6.4,0.410688,4.005312,0.0
527,42.0,1.0,3.0,10.0,24.0,10.6,0.666528,1.877472,0.0
528,51.0,2.0,31.0,14.0,249.0,7.8,4.27284,15.14916,0.0
529,22.0,1.0,4.0,3.0,19.0,23.1,1.88727,2.50173,1.0
530,37.0,1.0,6.0,10.0,31.0,11.7,1.701063,1.925937,1.0
531,22.0,3.0,1.0,3.0,25.0,13.8,1.97685,1.47315,1.0
532,49.0,2.0,2.0,13.0,20.0,16.9,0.37856,3.00144,1.0
533,29.0,1.0,9.0,8.0,30.0,8.2,0.15498,2.30502,0.0
534,42.0,1.0,2.0,16.0,30.0,9.7,1.47246,1.43754,0.0
535,34.0,1.0,15.0,0.0,67.0,13.2,3.741012,5.102988,0.0
536,34.0,2.0,9.0,7.0,27.0,1.7,0.295137,0.163863,0.0
537,32.0,2.0,5.0,5.0,43.0,15.0,1.806,4.644,1.0
538,42.0,2.0,18.0,23.0,66.0,9.6,1.641024,4.694976,0.0
539,24.0,1.0,3.0,0.0,14.0,16.1,0.838488,1.415512,1.0
540,34.0,1.0,16.0,9.0,48.0,7.6,1.473792,2.174208,0.0
541,26.0,1.0,10.0,2.0,32.0,4.7,0.126336,1.377664,0.0
542,30.0,2.0,12.0,9.0,68.0,20.1,2.856612,10.811388,0.0
543,32.0,1.0,4.0,3.0,16.0,28.5,0.89376,3.66624,1.0
544,38.0,3.0,13.0,18.0,25.0,5.7,0.343425,1.081575,0.0
545,43.0,2.0,10.0,24.0,37.0,8.5,0.676175,2.468825,0.0
546,31.0,2.0,9.0,8.0,53.0,13.5,1.194885,5.960115,0.0
547,37.0,4.0,10.0,18.0,123.0,17.3,3.021618,18.257382,0.0
548,37.0,2.0,4.0,11.0,20.0,21.7,0.1736,4.1664,1.0
549,41.0,3.0,12.0,11.0,86.0,26.5,4.99101,17.79899,1.0
550,32.0,1.0,0.0,4.0,20.0,3.0,0.2634,0.3366,1.0
551,22.0,2.0,0.0,1.0,35.0,9.0,0.7812,2.3688,1.0
552,32.0,2.0,12.0,3.0,63.0,18.2,5.549544,5.916456,0.0
553,47.0,2.0,17.0,23.0,41.0,9.5,0.455715,3.439285,0.0
554,40.0,1.0,21.0,21.0,46.0,6.2,0.966828,1.885172,0.0
555,31.0,1.0,8.0,1.0,22.0,6.7,0.369974,1.104026,0.0
556,34.0,3.0,7.0,0.0,27.0,2.2,0.125334,0.468666,0.0
557,52.0,4.0,13.0,17.0,234.0,7.7,7.38738,10.63062,0.0
558,28.0,1.0,2.0,2.0,17.0,2.5,0.199325,0.225675,1.0
559,38.0,3.0,15.0,18.0,63.0,13.4,5.090526,3.351474,0.0
560,33.0,2.0,10.0,4.0,26.0,3.1,0.030628,0.775372,0.0
561,39.0,2.0,9.0,12.0,32.0,6.6,1.429824,0.682176,0.0
562,47.0,3.0,23.0,11.0,115.0,4.0,0.6532,3.9468,0.0
563,36.0,2.0,11.0,8.0,49.0,1.3,0.272636,0.364364,0.0
564,29.0,3.0,7.0,2.0,84.0,13.6,6.91152,4.51248,1.0
565,48.0,4.0,14.0,10.0,59.0,16.5,4.935645,4.799355,1.0
566,38.0,3.0,12.0,18.0,64.0,5.8,0.894592,2.817408,0.0
567,46.0,2.0,9.0,26.0,15.0,4.3,0.014835,0.630165,0.0
568,27.0,3.0,5.0,4.0,42.0,19.9,2.707992,5.650008,1.0
569,54.0,1.0,18.0,34.0,114.0,8.5,3.2946,6.3954,0.0
570,27.0,4.0,0.0,0.0,25.0,12.7,1.419225,1.755775,1.0
571,23.0,1.0,1.0,0.0,17.0,1.6,0.011696,0.260304,0.0
572,41.0,1.0,23.0,2.0,91.0,13.7,0.573482,11.893518,0.0
573,24.0,1.0,3.0,5.0,15.0,11.3,0.072885,1.622115,1.0
574,28.0,1.0,9.0,0.0,22.0,27.7,5.283498,0.810502,1.0
575,26.0,1.0,0.0,0.0,14.0,10.5,0.25578,1.21422,0.0
576,24.0,1.0,8.0,0.0,17.0,5.6,0.569296,0.382704,1.0
577,49.0,2.0,22.0,4.0,79.0,7.3,0.28835,5.47865,0.0
578,28.0,2.0,3.0,1.0,36.0,8.6,0.383904,2.712096,0.0
579,38.0,1.0,6.0,17.0,18.0,13.0,0.13104,2.20896,0.0
580,33.0,2.0,2.0,9.0,37.0,4.5,0.834165,0.830835,0.0
581,26.0,1.0,8.0,4.0,25.0,4.7,0.210325,0.964675,0.0
582,36.0,1.0,9.0,1.0,40.0,9.8,1.97568,1.94432,0.0
583,37.0,3.0,16.0,14.0,50.0,36.6,7.32,10.98,1.0
584,25.0,4.0,0.0,1.0,18.0,33.4,2.801592,3.210408,1.0
585,29.0,1.0,9.0,2.0,33.0,4.8,0.693792,0.890208,0.0
586,27.0,2.0,8.0,4.0,38.0,6.9,0.364458,2.257542,0.0
587,45.0,1.0,17.0,0.0,62.0,15.0,2.4366,6.8634,0.0
588,37.0,1.0,9.0,8.0,57.0,5.5,1.357455,1.777545,0.0
589,29.0,2.0,3.0,6.0,26.0,6.1,0.537654,1.048346,1.0
590,51.0,1.0,10.0,1.0,44.0,13.2,4.960032,0.847968,1.0
591,22.0,3.0,0.0,0.0,23.0,8.4,0.372876,1.559124,1.0
592,30.0,4.0,7.0,10.0,30.0,15.7,0.26376,4.44624,0.0
593,31.0,1.0,7.0,2.0,20.0,12.3,0.1107,2.3493,0.0
594,28.0,1.0,2.0,0.0,18.0,14.8,1.939392,0.724608,1.0
595,35.0,1.0,10.0,16.0,39.0,5.7,0.217854,2.005146,0.0
596,25.0,4.0,1.0,1.0,34.0,8.5,0.13294,2.75706,1.0
597,32.0,2.0,5.0,0.0,28.0,14.8,2.594144,1.549856,1.0
598,33.0,1.0,2.0,10.0,24.0,9.6,1.041408,1.262592,0.0
599,28.0,2.0,3.0,4.0,41.0,25.1,5.896743,4.394257,1.0
600,46.0,3.0,4.0,17.0,73.0,5.4,2.223288,1.718712,0.0
601,41.0,1.0,24.0,12.0,83.0,14.0,6.58854,5.03146,0.0
602,42.0,2.0,11.0,5.0,73.0,6.8,2.869192,2.094808,0.0
603,41.0,4.0,9.0,13.0,47.0,5.0,0.4371,1.9129,0.0
604,26.0,1.0,3.0,5.0,29.0,25.7,2.526567,4.926433,1.0
605,47.0,1.0,27.0,8.0,113.0,9.2,2.380684,8.015316,0.0
606,29.0,1.0,1.0,3.0,18.0,25.6,1.98144,2.62656,1.0
607,34.0,1.0,3.0,14.0,36.0,4.7,0.624348,1.067652,0.0
608,36.0,1.0,7.0,2.0,43.0,6.2,1.03974,1.62626,0.0
609,38.0,2.0,7.0,4.0,64.0,3.0,0.65088,1.26912,0.0
610,41.0,2.0,4.0,14.0,26.0,19.2,1.47264,3.51936,1.0
611,46.0,1.0,9.0,23.0,31.0,13.8,1.617084,2.660916,0.0
612,40.0,3.0,3.0,15.0,55.0,16.5,1.751475,7.323525,1.0
613,44.0,2.0,17.0,0.0,129.0,2.5,0.551475,2.673525,0.0
614,35.0,3.0,10.0,15.0,39.0,10.4,1.60212,2.45388,0.0
615,36.0,1.0,20.0,15.0,60.0,5.4,1.05624,2.18376,0.0
616,28.0,2.0,0.0,3.0,30.0,4.8,0.12096,1.31904,1.0
617,29.0,2.0,6.0,7.0,18.0,5.1,0.44982,0.46818,1.0
618,23.0,2.0,3.0,3.0,22.0,11.4,1.274064,1.233936,1.0
619,41.0,2.0,7.0,17.0,63.0,15.4,4.637556,5.064444,0.0
620,25.0,1.0,1.0,1.0,19.0,6.9,0.190095,1.120905,0.0
621,45.0,2.0,2.0,19.0,29.0,5.4,0.443178,1.122822,0.0
622,48.0,2.0,30.0,14.0,148.0,7.2,3.974688,6.681312,0.0
623,38.0,1.0,18.0,7.0,45.0,7.0,0.5355,2.6145,0.0
624,29.0,1.0,6.0,4.0,46.0,5.4,1.169964,1.314036,0.0
625,42.0,4.0,15.0,8.0,186.0,3.6,2.403864,4.292136,0.0
626,31.0,1.0,11.0,12.0,47.0,10.9,2.863757,2.259243,0.0
627,40.0,1.0,3.0,13.0,23.0,6.9,0.409446,1.177554,0.0
628,26.0,1.0,2.0,6.0,21.0,19.8,1.022868,3.135132,0.0
629,25.0,1.0,6.0,6.0,22.0,20.2,2.261996,2.182004,0.0
630,53.0,4.0,7.0,11.0,61.0,7.9,1.874591,2.944409,0.0
631,50.0,3.0,18.0,27.0,102.0,14.1,5.781564,8.600436,0.0
632,47.0,1.0,31.0,9.0,136.0,23.1,14.231448,17.184552,1.0
633,23.0,1.0,1.0,,,,1.210104,0.553896,1.0
634,37.0,3.0,12.0,,,,0.319882,3.083118,0.0
635,41.0,1.0,24.0,,,,5.06,6.44,0.0
636,28.0,2.0,0.0,,,,2.148349,1.708651,1.0
637,31.0,1.0,7.0,,,,2.995706,9.591294,1.0
638,41.0,2.0,6.0,,,,0.124488,1.072512,0.0
639,36.0,1.0,7.0,,,,1.69488,2.26512,0.0
640,41.0,1.0,1.0,16.0,19.0,4.4,0.241604,0.594396,0.0
641,53.0,2.0,16.0,31.0,44.0,5.6,1.333024,1.130976,0.0
642,31.0,2.0,6.0,5.0,25.0,11.5,2.331625,0.543375,0.0
643,28.0,2.0,5.0,6.0,25.0,2.9,0.338575,0.386425,0.0
644,48.0,1.0,28.0,25.0,70.0,12.0,4.3344,4.0656,0.0
645,23.0,2.0,0.0,1.0,42.0,3.9,1.018836,0.619164,1.0
646,31.0,1.0,11.0,6.0,34.0,6.8,0.298248,2.013752,0.0
647,27.0,1.0,6.0,6.0,43.0,4.9,0.882833,1.224167,0.0
648,43.0,1.0,11.0,17.0,37.0,1.3,0.179894,0.301106,0.0
649,29.0,2.0,5.0,7.0,28.0,18.7,2.125816,3.110184,0.0
650,53.0,1.0,6.0,7.0,27.0,6.4,0.594432,1.133568,1.0
651,38.0,1.0,4.0,9.0,19.0,13.6,1.245488,1.338512,0.0
652,30.0,1.0,12.0,10.0,38.0,8.5,0.17119,3.05881,0.0
653,28.0,3.0,2.0,0.0,20.0,9.4,0.23312,1.64688,1.0
654,36.0,1.0,11.0,2.0,33.0,32.5,1.26555,9.45945,0.0
655,48.0,1.0,15.0,5.0,60.0,2.1,0.3213,0.9387,0.0
656,31.0,1.0,12.0,9.0,24.0,6.6,0.441936,1.142064,0.0
657,35.0,1.0,16.0,10.0,57.0,10.5,1.143135,4.841865,0.0
658,50.0,1.0,4.0,4.0,23.0,12.5,0.140875,2.734125,0.0
659,42.0,2.0,12.0,9.0,55.0,15.0,2.53275,5.71725,0.0
660,40.0,1.0,2.0,3.0,28.0,7.1,0.184884,1.803116,0.0
661,37.0,2.0,0.0,13.0,31.0,0.9,0.118017,0.160983,1.0
662,31.0,3.0,6.0,8.0,54.0,2.8,0.402192,1.109808,0.0
663,38.0,1.0,11.0,13.0,35.0,8.0,1.2656,1.5344,0.0
664,35.0,1.0,15.0,1.0,77.0,10.6,5.501188,2.660812,0.0
665,44.0,1.0,24.0,10.0,101.0,5.6,2.992024,2.663976,0.0
666,44.0,2.0,21.0,14.0,113.0,13.2,3.192024,11.723976,0.0
667,33.0,1.0,0.0,12.0,23.0,0.9,0.077418,0.129582,0.0
668,35.0,1.0,7.0,14.0,29.0,4.9,0.264306,1.156694,0.0
669,36.0,3.0,10.0,4.0,43.0,13.0,0.96148,4.62852,0.0
670,23.0,2.0,3.0,4.0,24.0,6.3,0.55188,0.96012,0.0
671,27.0,1.0,0.0,7.0,18.0,12.8,0.582912,1.721088,0.0
672,34.0,1.0,6.0,1.0,20.0,1.2,0.04248,0.19752,0.0
673,35.0,1.0,0.0,5.0,34.0,11.1,1.369962,2.404038,1.0
674,24.0,2.0,4.0,4.0,20.0,3.7,0.32412,0.41588,0.0
675,48.0,1.0,30.0,8.0,101.0,6.4,1.87456,4.58944,0.0
676,26.0,2.0,8.0,1.0,40.0,11.8,0.44368,4.27632,0.0
677,40.0,1.0,6.0,9.0,36.0,2.1,0.390852,0.365148,1.0
678,34.0,1.0,9.0,8.0,48.0,9.3,0.419616,4.044384,0.0
679,35.0,1.0,17.0,4.0,42.0,3.0,0.09324,1.16676,0.0
680,30.0,1.0,7.0,2.0,33.0,25.4,1.165098,7.216902,1.0
681,20.0,1.0,4.0,0.0,14.0,9.7,0.200984,1.157016,1.0
682,36.0,4.0,1.0,17.0,30.0,11.5,0.3243,3.1257,0.0
683,21.0,1.0,1.0,1.0,16.0,6.3,0.14112,0.86688,0.0
684,34.0,1.0,18.0,10.0,53.0,10.5,0.840315,4.724685,0.0
685,35.0,1.0,7.0,5.0,39.0,16.1,1.701609,4.577391,1.0
686,35.0,3.0,1.0,4.0,20.0,7.9,0.8532,0.7268,0.0
687,34.0,1.0,10.0,1.0,33.0,10.3,2.501664,0.897336,1.0
688,33.0,1.0,12.0,12.0,68.0,10.8,1.365984,5.978016,0.0
689,30.0,1.0,4.0,2.0,18.0,10.7,0.227268,1.698732,0.0
690,24.0,2.0,0.0,5.0,16.0,7.3,0.024528,1.143472,0.0
691,47.0,1.0,31.0,8.0,253.0,7.2,9.308376,8.907624,0.0
692,53.0,1.0,0.0,26.0,27.0,28.9,2.754459,5.048541,1.0
693,22.0,3.0,0.0,2.0,20.0,4.7,0.21902,0.72098,0.0
694,48.0,2.0,6.0,1.0,66.0,12.1,2.31594,5.67006,0.0
695,36.0,2.0,6.0,15.0,27.0,4.6,0.262062,0.979938,1.0
696,29.0,2.0,6.0,4.0,21.0,11.5,0.369495,2.045505,0.0
697,33.0,1.0,15.0,3.0,32.0,7.6,0.491264,1.940736,0.0
698,45.0,1.0,19.0,22.0,77.0,8.4,2.302608,4.165392,0.0
699,37.0,1.0,12.0,14.0,44.0,14.7,2.994684,3.473316,0.0
700,36.0,1.0,16.0,13.0,32.0,10.9,0.544128,2.943872,
701,50.0,1.0,6.0,27.0,21.0,12.9,1.316574,1.392426,
702,40.0,1.0,9.0,9.0,33.0,17.0,4.8807,0.7293,
703,31.0,1.0,5.0,7.0,23.0,2.0,0.046,0.414,
704,29.0,1.0,4.0,0.0,24.0,7.8,0.866736,1.005264,
705,25.0,2.0,1.0,3.0,14.0,9.9,0.232848,1.153152,
706,34.0,1.0,4.0,3.0,28.0,9.4,1.058064,1.573936,
707,50.0,1.0,30.0,8.0,150.0,32.5,13.5525,35.1975,
708,27.0,1.0,5.0,5.0,26.0,1.2,0.130416,0.181584,
709,31.0,4.0,7.0,12.0,97.0,6.0,1.82748,3.99252,
710,45.0,1.0,8.0,25.0,27.0,2.6,0.415584,0.286416,
711,35.0,1.0,10.0,8.0,28.0,1.3,0.109928,0.254072,
712,47.0,2.0,27.0,7.0,107.0,6.1,1.638277,4.888723,
713,50.0,3.0,25.0,7.0,94.0,5.3,1.733736,3.248264,
714,37.0,2.0,15.0,11.0,108.0,11.8,5.250528,7.493472,
715,46.0,1.0,7.0,6.0,41.0,23.4,0.585234,9.008766,
716,26.0,4.0,1.0,5.0,92.0,13.0,6.50624,5.45376,
717,33.0,1.0,16.0,12.0,46.0,8.1,2.399544,1.326456,
718,43.0,1.0,8.0,0.0,32.0,19.0,1.23424,4.84576,
719,49.0,2.0,14.0,26.0,63.0,15.8,0.935676,9.018324,
720,44.0,1.0,2.0,15.0,22.0,9.6,1.091904,1.020096,
721,32.0,1.0,12.0,10.0,33.0,11.2,0.79464,2.90136,
722,38.0,1.0,5.0,4.0,20.0,1.5,0.0915,0.2085,
723,52.0,1.0,33.0,23.0,139.0,5.6,2.288496,5.495504,
724,35.0,1.0,10.0,3.0,24.0,21.3,1.083744,4.028256,
725,33.0,4.0,4.0,12.0,22.0,5.5,0.56628,0.64372,
726,35.0,1.0,11.0,12.0,77.0,4.7,1.100176,2.518824,
727,34.0,2.0,9.0,3.0,40.0,1.6,0.37376,0.26624,
728,39.0,1.0,19.0,16.0,53.0,3.7,0.190217,1.770783,
729,31.0,1.0,8.0,4.0,27.0,5.4,0.673596,0.784404,
730,37.0,1.0,5.0,11.0,27.0,9.4,0.41877,2.11923,
731,44.0,1.0,19.0,9.0,40.0,10.9,0.34444,4.01556,
732,30.0,1.0,1.0,1.0,27.0,12.3,1.275264,2.045736,
733,37.0,1.0,18.0,9.0,58.0,10.3,2.86752,3.10648,
734,35.0,1.0,11.0,9.0,40.0,2.9,0.57188,,
735,43.0,1.0,4.0,11.0,26.0,7.1,0.751322,,
736,26.0,1.0,0.0,5.0,17.0,5.0,0.14195,,
737,,1.0,13.0,4.0,42.0,17.6,0.768768,6.623232,
738,,1.0,4.0,0.0,19.0,11.0,1.18503,0.90497,
739,24.0,,4.0,1.0,23.0,4.9,0.242305,0.884695,
740,26.0,,3.0,1.0,40.0,10.8,1.89648,2.42352,
741,34.0,,10.0,12.0,48.0,5.1,0.264384,2.183616,
742,44.0,4.0,18.0,,78.0,1.0,0.56472,0.21528,
743,46.0,1.0,9.0,,72.0,5.0,0.828,2.772,
744,40.0,1.0,17.0,,55.0,11.4,2.12553,4.14447,
745,37.0,4.0,2.0,,29.0,15.4,2.782318,1.683682,
746,35.0,3.0,5.0,13.0,30.0,10.6,1.5264,1.6536,
747,46.0,2.0,18.0,18.0,55.0,4.4,,2.00134,
748,40.0,3.0,5.0,18.0,28.0,10.0,,1.5372,
749,48.0,2.0,21.0,14.0,86.0,1.2,0.145512,0.886488,
750,53.0,1.0,33.0,25.0,324.0,7.0,,15.62652,
751,45.0,3.0,9.0,0.0,84.0,13.1,1.276464,9.727536,
752,32.0,3.0,6.0,12.0,22.0,6.7,0.384714,1.089286,
753,43.0,1.0,15.0,21.0,62.0,9.4,0.693532,5.134468,
754,29.0,2.0,3.0,9.0,32.0,9.0,1.07136,1.80864,
755,47.0,2.0,7.0,24.0,49.0,0.9,0.253575,0.187425,
756,21.0,2.0,1.0,0.0,17.0,10.5,0.555135,1.229865,
757,30.0,1.0,0.0,2.0,20.0,5.4,0.62208,0.45792,
758,25.0,3.0,3.0,2.0,54.0,7.4,1.162836,2.833164,
759,27.0,1.0,6.0,2.0,52.0,13.8,1.90164,5.27436,
760,36.0,1.0,4.0,17.0,25.0,4.0,0.144,0.856,
761,35.0,1.0,12.0,3.0,30.0,15.4,1.89882,2.72118,
762,33.0,1.0,11.0,6.0,35.0,15.9,0.506415,5.058585,
763,21.0,3.0,0.0,1.0,41.0,19.5,2.36652,5.62848,
764,44.0,1.0,18.0,0.0,61.0,10.8,2.806488,3.781512,
765,37.0,1.0,19.0,7.0,38.0,13.5,2.59065,2.53935,
766,27.0,1.0,5.0,7.0,26.0,6.8,0.54808,1.21992,
767,37.0,2.0,11.0,11.0,47.0,9.6,1.597248,2.914752,
768,48.0,2.0,9.0,22.0,44.0,5.9,2.133912,0.462088,
769,30.0,1.0,4.0,2.0,21.0,3.5,0.228585,0.506415,
770,22.0,4.0,0.0,1.0,25.0,12.2,1.49145,1.55855,
771,39.0,2.0,18.0,18.0,47.0,7.6,1.564536,2.007464,
772,26.0,1.0,5.0,6.0,18.0,15.5,0.57474,2.21526,
773,29.0,2.0,9.0,8.0,30.0,21.7,3.6456,2.8644,
774,47.0,1.0,29.0,20.0,169.0,2.2,0.349492,3.368508,
775,33.0,2.0,5.0,2.0,37.0,8.4,1.028748,2.079252,
776,23.0,2.0,2.0,2.0,48.0,7.5,0.5112,3.0888,
777,25.0,2.0,5.0,5.0,35.0,16.5,1.969275,3.805725,
778,34.0,1.0,4.0,6.0,23.0,5.6,0.616952,0.671048,
779,56.0,1.0,19.0,26.0,66.0,3.3,0.847242,1.330758,
780,32.0,1.0,7.0,10.0,23.0,9.8,0.861028,1.392972,
781,27.0,3.0,0.0,4.0,50.0,14.7,1.0437,6.3063,
782,41.0,2.0,6.0,7.0,36.0,13.9,1.486188,3.517812,
783,30.0,1.0,8.0,11.0,27.0,20.3,3.743523,1.737477,
784,38.0,4.0,13.0,2.0,126.0,13.7,7.612542,9.649458,
785,31.0,1.0,6.0,1.0,45.0,7.3,0.58473,2.70027,
786,37.0,3.0,16.0,8.0,75.0,0.1,0.02205,0.05295,
787,30.0,2.0,2.0,2.0,26.0,3.8,0.248976,0.739024,
788,44.0,2.0,8.0,18.0,43.0,5.0,0.5547,1.5953,
789,25.0,2.0,5.0,3.0,42.0,15.5,3.36567,3.14433,
790,33.0,2.0,10.0,2.0,54.0,3.0,0.11988,1.50012,
791,25.0,1.0,3.0,5.0,31.0,8.1,0.881361,1.629639,
792,45.0,1.0,14.0,26.0,46.0,5.1,1.262148,1.083852,
793,23.0,1.0,6.0,2.0,15.0,12.7,1.37541,0.52959,
794,43.0,1.0,24.0,22.0,254.0,7.7,7.001764,12.556236,
795,38.0,2.0,12.0,14.0,40.0,5.1,0.8976,1.1424,
796,24.0,1.0,1.0,4.0,16.0,7.2,0.877824,0.274176,
797,29.0,2.0,2.0,4.0,16.0,10.5,0.43344,1.24656,
798,40.0,1.0,23.0,16.0,81.0,10.9,0.997677,7.831323,
799,47.0,1.0,3.0,1.0,21.0,15.4,0.067914,3.166086,
800,24.0,1.0,1.0,5.0,16.0,9.2,0.185472,1.286528,
801,35.0,2.0,0.0,6.0,35.0,12.4,2.38266,1.95734,
802,38.0,1.0,1.0,9.0,42.0,9.1,0.890526,2.931474,
803,48.0,1.0,10.0,0.0,70.0,28.2,10.67934,9.06066,
804,35.0,2.0,12.0,12.0,64.0,15.0,1.4496,8.1504,
805,27.0,1.0,11.0,1.0,21.0,11.4,0.914508,1.479492,
806,47.0,3.0,16.0,7.0,266.0,2.0,2.19184,3.12816,
807,31.0,1.0,3.0,5.0,16.0,32.3,3.064624,2.103376,
808,30.0,1.0,12.0,4.0,40.0,7.0,1.2488,1.5512,
809,29.0,2.0,10.0,3.0,61.0,6.2,0.798002,2.983998,
810,26.0,4.0,1.0,6.0,64.0,23.3,7.75424,7.15776,
811,38.0,1.0,21.0,,65.0,16.8,2.53344,8.38656,
812,45.0,1.0,7.0,,29.0,6.1,0.739442,1.029558,
813,29.0,1.0,3.0,,23.0,9.3,1.103724,1.035276,
814,52.0,1.0,17.0,,73.0,8.7,,5.296734,
815,24.0,1.0,1.0,0.0,20.0,4.1,,0.49528,
816,,2.0,8.0,13.0,27.0,9.8,,1.000188,
817,,2.0,0.0,18.0,21.0,4.6,,0.353556,
818,,1.0,0.0,,15.0,5.4,0.38556,0.42444,
819,26.0,1.0,2.0,,22.0,6.4,0.236544,1.171456,
820,,1.0,16.0,,37.0,17.2,4.212968,2.151032,
821,,1.0,9.0,,66.0,8.8,2.340624,3.467376,
822,45.0,3.0,8.0,1.0,140.0,13.9,4.1839,15.2761,
823,24.0,1.0,5.0,1.0,46.0,3.8,0.529644,1.218356,
824,44.0,3.0,7.0,16.0,78.0,10.5,3.15315,5.03685,
825,29.0,2.0,0.0,7.0,23.0,8.0,1.242,0.598,
826,22.0,2.0,0.0,0.0,14.0,17.1,0.241794,2.152206,
827,38.0,1.0,16.0,8.0,37.0,8.6,0.082732,3.099268,
828,46.0,1.0,6.0,19.0,30.0,17.6,1.41504,3.86496,
829,46.0,4.0,7.0,16.0,73.0,1.1,0.555676,0.247324,
830,32.0,1.0,13.0,11.0,25.0,7.5,0.59625,1.27875,
831,39.0,3.0,16.0,10.0,126.0,6.8,1.405152,7.162848,
832,40.0,2.0,15.0,19.0,138.0,4.1,1.222128,4.435872,
833,47.0,1.0,16.0,19.0,110.0,12.6,5.8212,8.0388,
834,28.0,,10.0,1.0,42.0,8.6,1.04748,2.56452,
835,36.0,,19.0,8.0,45.0,12.1,0.920205,4.524795,
836,41.0,2.0,13.0,1.0,93.0,14.7,9.542358,4.128642,
837,31.0,2.0,12.0,8.0,44.0,9.6,1.867008,2.356992,
838,39.0,1.0,20.0,8.0,,4.1,,2.515924,
839,37.0,1.0,4.0,10.0,,14.2,,2.988816,
840,35.0,2.0,11.0,1.0,62.0,32.4,,10.385496,
841,35.0,4.0,10.0,12.0,45.0,8.5,,2.7846,
842,51.0,4.0,15.0,30.0,,13.6,2.011984,1.524016,
843,36.0,1.0,5.0,2.0,,7.0,0.72387,1.16613,
844,23.0,1.0,3.0,4.0,,3.1,0.045539,0.357461,
845,34.0,1.0,12.0,15.0,32.0,2.7,0.239328,0.624672,
846,32.0,2.0,12.0,11.0,116.0,5.7,4.026708,2.585292,
847,48.0,1.0,13.0,11.0,38.0,10.8,0.722304,3.381696,
848,35.0,2.0,1.0,11.0,24.0,7.8,0.417456,1.454544,
849,37.0,1.0,20.0,13.0,41.0,12.9,0.89913,4.38987,
